{
    "version": "0",
    "id": "67f57fa0-d6c3-372e-08f3-e67b3ed2e9d7",
    "detail-type": "AWS Console Sign In via CloudTrail",
    "source": "aws.signin",
    "account": "ACCOUNT_ID",
    "time": "2022-09-07T11:45:02Z",
    "region": "ap-northeast-2",
    "resources": [
      
    ],
    "detail": {
      "eventVersion": "1.08",
      "userIdentity": {
        "type": "AssumedRole",
        "principalId": "ROLE_ID:rexchun",
        "arn": "arn:aws:sts::ACCOUNT_ID:assumed-role/AWSReservedSSO_AdministratorAccess_5b69846c9a386f10/rexchun",
        "accountId": "ACCOUNT_ID",
        "sessionContext": {
          "sessionIssuer": {
            "type": "Role",
            "principalId": "ROLE_ID",
            "arn": "arn:aws:iam::ACCOUNT_ID:role/aws-reserved/sso.amazonaws.com/ap-northeast-2/AWSReservedSSO_AdministratorAccess_5b69846c9a386f10",
            "accountId": "ACCOUNT_ID",
            "userName": "AWSReservedSSO_AdministratorAccess_5b69846c9a386f10"
          },
          "webIdFederationData": {
            
          },
          "attributes": {
            "creationDate": "2022-09-07T11:44:39Z",
            "mfaAuthenticated": false
          }
        }
      },
      "eventTime": "2022-09-07T11:44:40Z",
      "eventSource": "signin.amazonaws.com",
      "eventName": "ConsoleLogin",
      "awsRegion": "ap-northeast-2",
      "sourceIPAddress": "SOURCE_IP",
      "userAgent": "Mozilla/5.0 (Macintosh; Intel Mac OS X 10_15_7) AppleWebKit/537.36 (KHTML, like Gecko) Chrome/105.0.0.0 Safari/537.36",
      "requestParameters": "None",
      "responseElements": {
        "ConsoleLogin": "Success"
      },
      "additionalEventData": {
        "MobileVersion": "No",
        "MFAUsed": "No"
      },
      "eventID": "5ea44efd-7036-48e4-8364-08c95b735ff3",
      "readOnly": false,
      "eventType": "AwsConsoleSignIn",
      "managementEvent": true,
      "recipientAccountId": "ACCOUNT_ID",
      "eventCategory": "Management",
      "tlsDetails": {
        "tlsVersion": "TLSv1.2",
        "cipherSuite": "ECDHE-RSA-AES128-GCM-SHA256",
        "clientProvidedHostHeader": "ap-northeast-2.signin.aws.amazon.com"
      }
    }
  }